{"cameraMode":{"drawMode":0,"name":"Shaded","section":"Shading Mode"},"sceneLighting":true,"audioPlay":false,"sceneViewState":{"m_AlwaysRefresh":false,"showFog":true,"showSkybox":true,"showFlares":true,"showImageEffects":true,"showParticleSystems":true,"showVisualEffectGraphs":true,"m_FxEnabled":true},"in2DMode":false,"pivot":{"x":-4.313876152038574,"y":2.9478046894073488,"z":200.53648376464845},"rotation":{"x":-0.29871147871017458,"y":-0.09229318797588349,"z":0.029042135924100877,"w":-0.9494518041610718},"size":3.8675830364227297,"orthographic":false}